snarl	paths
4298_4293	>4293>4298,>4293>4294>*>4297>4298
4297_4294	>4294>4295>4297,>4294>4296>4297
4293_4290	>4290>4291>4293,>4290>4292>4293
4290_4287	>4287>4288>4290,>4287>4289>4290
4287_4282	>4282>4287,>4282>4283>*>4286>4287
4286_4283	>4283>4284>4286,>4283>4285>4286
4282_4279	>4279>4280>4282,>4279>4281>4282
4279_4276	>4276>4277>4279,>4276>4278>4279
4276_4273	>4273>4274>4276,>4273>4275>4276
4273_4270	>4270>4271>4273,>4270>4272>4273
4270_4267	>4267>4268>4270,>4267>4269>4270
4267_4264	>4264>4265>4267,>4264>4266>4267
4264_4261	>4261>4262>4264,>4261>4263>4264
4261_4258	>4258>4259>4261,>4258>4260>4261
4258_4255	>4255>4256>4258,>4255>4257>4258
4255_4252	>4252>4253>4255,>4252>4254>4255
4252_4249	>4249>4250>4252,>4249>4251>4252
4249_4246	>4246>4247>4249,>4246>4248>4249
4246_4244	>4244>4246,>4244>4245>4246
4244_4241	>4241>4242>4244,>4241>4243>4244
4241_4238	>4238>4239>4241,>4238>4240>4241
4238_4227	>4227>4238,>4227>4228>*>4237>4238
4237_4234	>4234>4235>4237,>4234>4236>4237
4234_4231	>4231>4232>4234,>4231>4233>4234
4231_4228	>4228>4229>4231,>4228>4230>4231
4227_4224	>4224>4225>4227,>4224>4226>4227
4224_4221	>4221>4222>4224,>4221>4223>4224
4221_4218	>4218>4219>4221,>4218>4220>4221
4218_4215	>4215>4216>4218,>4215>4217>4218
4215_4212	>4212>4213>4215,>4212>4214>4215
4212_4210	>4210>4212,>4210>4211>4212
4210_4207	>4207>4208>4210,>4207>4209>4210
4207_4205	>4205>4207,>4205>4206>4207
4205_4202	>4202>4203>4205,>4202>4204>4205
4202_4199	>4199>4200>4202,>4199>4201>4202
4199_4194	>4194>4199,>4194>4195>*>4198>4199
4198_4195	>4195>4196>4198,>4195>4197>4198
4194_4186	>4186>4194,>4186>4187>*>4193>4194
4193_4190	>4190>4191>4193,>4190>4192>4193
4190_4187	>4187>4188>4190,>4187>4189>4190
4186_4183	>4183>4184>4186,>4183>4185>4186
4183_4169	>4169>4183,>4169>4170>*>4182>4183
4182_4179	>4179>4180>4182,>4179>4181>4182
4179_4176	>4176>4177>4179,>4176>4178>4179
4176_4173	>4173>4174>4176,>4173>4175>4176
4173_4170	>4170>4171>4173,>4170>4172>4173
4169_4166	>4166>4167>4169,>4166>4168>4169
4166_4163	>4163>4164>4166,>4163>4165>4166
4163_4160	>4160>4161>4163,>4160>4162>4163
4160_4157	>4157>4158>4160,>4157>4159>4160
4157_4154	>4154>4155>4157,>4154>4156>4157
4154_4137	>4137>4154,>4137>4138>*>4153>4154
4153_4150	>4150>4151>4153,>4150>4152>4153
4150_4147	>4147>4148>4150,>4147>4149>4150
4147_4144	>4144>4145>4147,>4144>4146>4147
4144_4141	>4141>4142>4144,>4141>4143>4144
4141_4138	>4138>4139>4141,>4138>4140>4141
4137_4134	>4134>4135>4137,>4134>4136>4137
4134_4120	>4120>4134,>4120>4121>*>4133>4134
4133_4130	>4130>4131>4133,>4130>4132>4133
4130_4127	>4127>4128>4130,>4127>4129>4130
4127_4124	>4124>4125>4127,>4124>4126>4127
4124_4121	>4121>4122>4124,>4121>4123>4124
4120_4117	>4117>4118>4120,>4117>4119>4120
4117_4115	>4115>4117,>4115>4116>4117
4115_4112	>4112>4113>4115,>4112>4114>4115
4112_4109	>4109>4110>4112,>4109>4111>4112
4109_4106	>4106>4107>4109,>4106>4108>4109
4106_4103	>4103>4104>4106,>4103>4105>4106
4103_4101	>4101>4103,>4101>4102>4103
4101_4098	>4098>4099>4101,>4098>4100>4101
4098_4095	>4095>4096>4098,>4095>4097>4098
4095_4092	>4092>4093>4095,>4092>4094>4095
4092_4089	>4089>4090>4092,>4089>4091>4092
4089_4086	>4086>4087>4089,>4086>4088>4089
4086_4063	>4063>4086,>4063>4064>*>4085>4086
4085_4082	>4082>4083>4085,>4082>4084>4085
4082_4079	>4079>4080>4082,>4079>4081>4082
4079_4076	>4076>4077>4079,>4076>4078>4079
4076_4073	>4073>4074>4076,>4073>4075>4076
4073_4070	>4070>4071>4073,>4070>4072>4073
4070_4067	>4067>4068>4070,>4067>4069>4070
4067_4064	>4064>4065>4067,>4064>4066>4067
4063_4060	>4060>4061>4063,>4060>4062>4063
4060_4057	>4057>4058>4060,>4057>4059>4060
4057_4054	>4054>4055>4057,>4054>4056>4057
4054_4049	>4049>4054,>4049>4050>*>4053>4054
4053_4050	>4050>4051>4053,>4050>4052>4053
4049_4046	>4046>4047>4049,>4046>4048>4049
4046_4043	>4043>4044>4046,>4043>4045>4046
4043_4032	>4032>4043,>4032>4033>*>4042>4043
4042_4039	>4039>4040>4042,>4039>4041>4042
4039_4036	>4036>4037>4039,>4036>4038>4039
4036_4033	>4033>4034>4036,>4033>4035>4036
4032_4029	>4029>4030>4032,>4029>4031>4032
4029_4003	>4003>4029,>4003>4004>*>4028>4029
4028_4025	>4025>4026>4028,>4025>4027>4028
4025_4022	>4022>4023>4025,>4022>4024>4025
4022_4019	>4019>4020>4022,>4019>4021>4022
4019_4016	>4016>4017>4019,>4016>4018>4019
4016_4013	>4013>4014>4016,>4013>4015>4016
4013_4010	>4010>4011>4013,>4010>4012>4013
4010_4007	>4007>4008>4010,>4007>4009>4010
4007_4004	>4004>4005>4007,>4004>4006>4007
4003_4001	>4001>4003,>4001>4002>4003
4001_3990	>3990>4001,>3990>3991>*>4000>4001
4000_3997	>3997>3998>4000,>3997>3999>4000
3997_3994	>3994>3995>3997,>3994>3996>3997
3994_3991	>3991>3992>3994,>3991>3993>3994
3990_3987	>3987>3988>3990,>3987>3989>3990
3987_3984	>3984>3985>3987,>3984>3986>3987
3984_3981	>3981>3982>3984,>3981>3983>3984
3981_3978	>3978>3979>3981,>3978>3980>3981
3978_3975	>3975>3976>3978,>3975>3977>3978
3975_3970	>3970>3975,>3970>3971>*>3974>3975
3974_3971	>3971>3972>3974,>3971>3973>3974
3970_3967	>3967>3968>3970,>3967>3969>3970
3967_3964	>3964>3965>3967,>3964>3966>3967
3964_3961	>3961>3962>3964,>3961>3963>3964
3961_3958	>3958>3959>3961,>3958>3960>3961
3958_3955	>3955>3956>3958,>3955>3957>3958
3955_3952	>3952>3953>3955,>3952>3954>3955
3952_3949	>3949>3950>3952,>3949>3951>3952
3949_3946	>3946>3947>3949,>3946>3948>3949
3946_3943	>3943>3944>3946,>3943>3945>3946
3943_3940	>3940>3941>3943,>3940>3942>3943
3940_3937	>3937>3938>3940,>3937>3939>3940
3937_3935	>3935>3937,>3935>3936>3937
3935_3921	>3921>3935,>3921>3922>*>3934>3935
3934_3931	>3931>3932>3934,>3931>3933>3934
3931_3928	>3928>3929>3931,>3928>3930>3931
3928_3925	>3925>3926>3928,>3925>3927>3928
3925_3922	>3922>3923>3925,>3922>3924>3925
3921_3918	>3918>3919>3921,>3918>3920>3921
3918_3916	>3916>3918,>3916>3917>3918
3916_3905	>3905>3916,>3905>3906>*>3915>3916
3915_3912	>3912>3913>3915,>3912>3914>3915
3912_3909	>3909>3910>3912,>3909>3911>3912
3909_3906	>3906>3907>3909,>3906>3908>3909
3905_3902	>3902>3903>3905,>3902>3904>3905
3902_3899	>3899>3900>3902,>3899>3901>3902
3899_3896	>3896>3897>3899,>3896>3898>3899
3896_3893	>3893>3894>3896,>3893>3895>3896
3893_3890	>3890>3891>3893,>3890>3892>3893
3890_3887	>3887>3888>3890,>3887>3889>3890
3887_3855	>3855>3887,>3855>3856>*>3886>3887
3886_3883	>3883>3884>3886,>3883>3885>3886
3883_3880	>3880>3881>3883,>3880>3882>3883
3880_3877	>3877>3878>3880,>3877>3879>3880
3877_3874	>3874>3875>3877,>3874>3876>3877
3874_3871	>3871>3872>3874,>3871>3873>3874
3871_3868	>3868>3869>3871,>3868>3870>3871
3868_3865	>3865>3866>3868,>3865>3867>3868
3865_3862	>3862>3863>3865,>3862>3864>3865
3862_3859	>3859>3860>3862,>3859>3861>3862
3859_3856	>3856>3857>3859,>3856>3858>3859
3855_3852	>3852>3853>3855,>3852>3854>3855
3852_3849	>3849>3850>3852,>3849>3851>3852
3849_3846	>3846>3847>3849,>3846>3848>3849
3846_3843	>3843>3844>3846,>3843>3845>3846
3843_3840	>3840>3841>3843,>3840>3842>3843
3840_3837	>3837>3838>3840,>3837>3839>3840
3837_3834	>3834>3835>3837,>3834>3836>3837
3834_3831	>3831>3832>3834,>3831>3833>3834
3831_3828	>3828>3829>3831,>3828>3830>3831
3828_3825	>3825>3826>3828,>3825>3827>3828
3825_3822	>3822>3823>3825,>3822>3824>3825
3822_3819	>3819>3820>3822,>3819>3821>3822
3819_3816	>3816>3817>3819,>3816>3818>3819
3816_3813	>3813>3814>3816,>3813>3815>3816
3813_3810	>3810>3811>3813,>3810>3812>3813
3810_3793	>3793>3810,>3793>3794>*>3809>3810
3809_3806	>3806>3807>3809,>3806>3808>3809
3806_3803	>3803>3804>3806,>3803>3805>3806
3803_3800	>3800>3801>3803,>3800>3802>3803
3800_3797	>3797>3798>3800,>3797>3799>3800
3797_3794	>3794>3795>3797,>3794>3796>3797
3793_3790	>3790>3791>3793,>3790>3792>3793
3790_3787	>3787>3788>3790,>3787>3789>3790
3787_3784	>3784>3785>3787,>3784>3786>3787
3784_3781	>3781>3782>3784,>3781>3783>3784
3781_3778	>3778>3779>3781,>3778>3780>3781
3778_3775	>3775>3776>3778,>3775>3777>3778
3775_3772	>3772>3773>3775,>3772>3774>3775
3772_3767	>3767>3772,>3767>3768>*>3771>3772
3771_3768	>3768>3769>3771,>3768>3770>3771
3767_3764	>3764>3765>3767,>3764>3766>3767
3764_3761	>3761>3762>3764,>3761>3763>3764
3761_3758	>3758>3759>3761,>3758>3760>3761
3758_3756	>3756>3758,>3756>3757>3758
3756_3753	>3753>3754>3756,>3753>3755>3756
3753_3750	>3750>3751>3753,>3750>3752>3753
3750_3736	>3736>3750,>3736>3737>*>3749>3750
3749_3746	>3746>3747>3749,>3746>3748>3749
3746_3743	>3743>3744>3746,>3743>3745>3746
3743_3740	>3740>3741>3743,>3740>3742>3743
3740_3737	>3737>3738>3740,>3737>3739>3740
3736_3733	>3733>3734>3736,>3733>3735>3736
3733_3730	>3730>3731>3733,>3730>3732>3733
3730_3727	>3727>3728>3730,>3727>3729>3730
3727_3724	>3724>3725>3727,>3724>3726>3727
3724_3713	>3713>3724,>3713>3714>*>3723>3724
3723_3720	>3720>3721>3723,>3720>3722>3723
3720_3717	>3717>3718>3720,>3717>3719>3720
3717_3714	>3714>3715>3717,>3714>3716>3717
3713_3710	>3710>3711>3713,>3710>3712>3713
3710_3707	>3707>3708>3710,>3707>3709>3710
3707_3704	>3704>3705>3707,>3704>3706>3707
3704_3696	>3696>3704,>3696>3697>*>3703>3704
3703_3700	>3700>3701>3703,>3700>3702>3703
3700_3697	>3697>3698>3700,>3697>3699>3700
3696_3693	>3693>3694>3696,>3693>3695>3696
3693_3690	>3690>3691>3693,>3690>3692>3693
3690_3687	>3687>3688>3690,>3687>3689>3690
3687_3684	>3684>3685>3687,>3684>3686>3687
3684_3681	>3681>3682>3684,>3681>3683>3684
3681_3678	>3678>3679>3681,>3678>3680>3681
3678_3676	>3676>3678,>3676>3677>3678
3676_3673	>3673>3674>3676,>3673>3675>3676
3673_3670	>3670>3671>3673,>3670>3672>3673
3670_3635	>3635>3670,>3635>3636>*>3669>3670
3669_3666	>3666>3667>3669,>3666>3668>3669
3666_3663	>3663>3664>3666,>3663>3665>3666
3663_3660	>3660>3661>3663,>3660>3662>3663
3660_3657	>3657>3658>3660,>3657>3659>3660
3657_3654	>3654>3655>3657,>3654>3656>3657
3654_3651	>3651>3652>3654,>3651>3653>3654
3651_3648	>3648>3649>3651,>3648>3650>3651
3648_3645	>3645>3646>3648,>3645>3647>3648
3645_3642	>3642>3643>3645,>3642>3644>3645
3642_3639	>3639>3640>3642,>3639>3641>3642
3639_3636	>3636>3637>3639,>3636>3638>3639
3635_3633	>3633>3635,>3633>3634>3635
3633_3628	>3628>3633,>3628>3629>*>3632>3633
3632_3629	>3629>3630>3632,>3629>3631>3632
3628_3626	>3626>3628,>3626>3627>3628
3626_3623	>3623>3624>3626,>3623>3625>3626
3623_3620	>3620>3621>3623,>3620>3622>3623
3620_3609	>3609>3620,>3609>3610>*>3619>3620
3619_3616	>3616>3617>3619,>3616>3618>3619
3616_3613	>3613>3614>3616,>3613>3615>3616
3613_3610	>3610>3611>3613,>3610>3612>3613
3609_3606	>3606>3607>3609,>3606>3608>3609
3606_3601	>3601>3606,>3601>3602>*>3605>3606
3605_3602	>3602>3603>3605,>3602>3604>3605
3601_3598	>3598>3599>3601,>3598>3600>3601
3598_3595	>3595>3596>3598,>3595>3597>3598
3595_3592	>3592>3593>3595,>3592>3594>3595
3592_3589	>3589>3590>3592,>3589>3591>3592
3589_3586	>3586>3587>3589,>3586>3588>3589
3586_3569	>3569>3586,>3569>3570>*>3585>3586
3585_3582	>3582>3583>3585,>3582>3584>3585
3582_3579	>3579>3580>3582,>3579>3581>3582
3579_3576	>3576>3577>3579,>3576>3578>3579
3576_3573	>3573>3574>3576,>3573>3575>3576
3573_3570	>3570>3571>3573,>3570>3572>3573
3569_3566	>3566>3567>3569,>3566>3568>3569
3566_3561	>3561>3566,>3561>3562>*>3565>3566
3565_3562	>3562>3563>3565,>3562>3564>3565
3561_3550	>3550>3561,>3550>3551>*>3560>3561
3560_3557	>3557>3558>3560,>3557>3559>3560
3557_3554	>3554>3555>3557,>3554>3556>3557
3554_3551	>3551>3552>3554,>3551>3553>3554
3550_3548	>3548>3550,>3548>3549>3550
3548_3546	>3546>3548,>3546>3547>3548
3546_3543	>3543>3544>3546,>3543>3545>3546
3543_3535	>3535>3543,>3535>3536>*>3542>3543
3542_3539	>3539>3540>3542,>3539>3541>3542
3539_3536	>3536>3537>3539,>3536>3538>3539
3535_3532	>3532>3533>3535,>3532>3534>3535
3532_3529	>3529>3530>3532,>3529>3531>3532
3529_3526	>3526>3527>3529,>3526>3528>3529
3526_3523	>3523>3524>3526,>3523>3525>3526
3523_3520	>3520>3521>3523,>3520>3522>3523
3520_3517	>3517>3518>3520,>3517>3519>3520
3517_3514	>3514>3515>3517,>3514>3516>3517
3514_3511	>3511>3512>3514,>3511>3513>3514
3511_3508	>3508>3509>3511,>3508>3510>3511
3508_3505	>3505>3506>3508,>3505>3507>3508
3505_3502	>3502>3503>3505,>3502>3504>3505
3502_3499	>3499>3500>3502,>3499>3501>3502
3499_3496	>3496>3497>3499,>3496>3498>3499
3496_3493	>3493>3494>3496,>3493>3495>3496
3493_3482	>3482>3493,>3482>3483>*>3492>3493
3492_3489	>3489>3490>3492,>3489>3491>3492
3489_3486	>3486>3487>3489,>3486>3488>3489
3486_3483	>3483>3484>3486,>3483>3485>3486
3482_3480	>3480>3482,>3480>3481>3482
3480_3475	>3475>3480,>3475>3476>*>3479>3480
3479_3476	>3476>3477>3479,>3476>3478>3479
3475_3470	>3470>3475,>3470>3471>*>3474>3475
3474_3471	>3471>3472>3474,>3471>3473>3474
3470_3467	>3467>3468>3470,>3467>3469>3470
3467_3464	>3464>3465>3467,>3464>3466>3467
3464_3462	>3462>3464,>3462>3463>3464
3462_3459	>3459>3460>3462,>3459>3461>3462
3459_3445	>3445>3459,>3445>3446>*>3458>3459
3458_3455	>3455>3456>3458,>3455>3457>3458
3455_3452	>3452>3453>3455,>3452>3454>3455
3452_3449	>3449>3450>3452,>3449>3451>3452
3449_3446	>3446>3447>3449,>3446>3448>3449
3445_3442	>3442>3443>3445,>3442>3444>3445
3442_3439	>3439>3440>3442,>3439>3441>3442
3439_3436	>3436>3437>3439,>3436>3438>3439
3436_3433	>3433>3434>3436,>3433>3435>3436
3433_3430	>3430>3431>3433,>3430>3432>3433
3430_3427	>3427>3428>3430,>3427>3429>3430
3427_3422	>3422>3427,>3422>3423>*>3426>3427
3426_3423	>3423>3424>3426,>3423>3425>3426
3422_3419	>3419>3420>3422,>3419>3421>3422
3419_3416	>3416>3417>3419,>3416>3418>3419
3416_3402	>3402>3416,>3402>3403>*>3415>3416
3415_3412	>3412>3413>3415,>3412>3414>3415
3412_3409	>3409>3410>3412,>3409>3411>3412
3409_3406	>3406>3407>3409,>3406>3408>3409
3406_3403	>3403>3404>3406,>3403>3405>3406
3402_3399	>3399>3400>3402,>3399>3401>3402
3399_3385	>3385>3399,>3385>3386>*>3398>3399
3398_3395	>3395>3396>3398,>3395>3397>3398
3395_3392	>3392>3393>3395,>3392>3394>3395
3392_3389	>3389>3390>3392,>3389>3391>3392
3389_3386	>3386>3387>3389,>3386>3388>3389
3385_3383	>3383>3385,>3383>3384>3385
3383_3380	>3380>3381>3383,>3380>3382>3383
3380_3377	>3377>3378>3380,>3377>3379>3380
3377_3374	>3374>3375>3377,>3374>3376>3377
3374_3371	>3371>3372>3374,>3371>3373>3374
3371_3348	>3348>3371,>3348>3349>*>3370>3371
3370_3367	>3367>3368>3370,>3367>3369>3370
3367_3364	>3364>3365>3367,>3364>3366>3367
3364_3361	>3361>3362>3364,>3361>3363>3364
3361_3358	>3358>3359>3361,>3358>3360>3361
3358_3355	>3355>3356>3358,>3355>3357>3358
3355_3352	>3352>3353>3355,>3352>3354>3355
3352_3349	>3349>3350>3352,>3349>3351>3352
3348_3345	>3345>3346>3348,>3345>3347>3348
3345_3342	>3342>3343>3345,>3342>3344>3345
3342_3331	>3331>3342,>3331>3332>*>3341>3342
3341_3338	>3338>3339>3341,>3338>3340>3341
3338_3335	>3335>3336>3338,>3335>3337>3338
3335_3332	>3332>3333>3335,>3332>3334>3335
3331_3328	>3328>3329>3331,>3328>3330>3331
3328_3325	>3325>3326>3328,>3325>3327>3328
3325_3322	>3322>3323>3325,>3322>3324>3325
3322_3319	>3319>3320>3322,>3319>3321>3322
3319_3314	>3314>3319,>3314>3315>*>3318>3319
3318_3315	>3315>3316>3318,>3315>3317>3318
3314_3311	>3311>3312>3314,>3311>3313>3314
3311_3308	>3308>3309>3311,>3308>3310>3311
3308_3305	>3305>3306>3308,>3305>3307>3308
3305_3302	>3302>3303>3305,>3302>3304>3305
3302_3299	>3299>3300>3302,>3299>3301>3302
3299_3296	>3296>3297>3299,>3296>3298>3299
3296_3285	>3285>3296,>3285>3286>*>3295>3296
3295_3292	>3292>3293>3295,>3292>3294>3295
3292_3289	>3289>3290>3292,>3289>3291>3292
3289_3286	>3286>3287>3289,>3286>3288>3289
3285_3282	>3282>3283>3285,>3282>3284>3285
3282_3277	>3277>3282,>3277>3278>*>3281>3282
3281_3278	>3278>3279>3281,>3278>3280>3281
3277_3274	>3274>3275>3277,>3274>3276>3277
3274_3271	>3271>3272>3274,>3271>3273>3274
3271_3268	>3268>3269>3271,>3268>3270>3271
3268_3265	>3265>3266>3268,>3265>3267>3268
3265_3262	>3262>3263>3265,>3262>3264>3265
3262_3254	>3254>3262,>3254>3255>*>3261>3262
3261_3258	>3258>3259>3261,>3258>3260>3261
3258_3255	>3255>3256>3258,>3255>3257>3258
3254_3252	>3252>3254,>3252>3253>3254
3252_3249	>3249>3250>3252,>3249>3251>3252
3249_3246	>3246>3247>3249,>3246>3248>3249
3246_3243	>3243>3244>3246,>3243>3245>3246
3243_3238	>3238>3243,>3238>3239>*>3242>3243
3242_3239	>3239>3240>3242,>3239>3241>3242
3238_3235	>3235>3236>3238,>3235>3237>3238
3235_3230	>3230>3235,>3230>3231>*>3234>3235
3234_3231	>3231>3232>3234,>3231>3233>3234
3230_3228	>3228>3230,>3228>3229>3230
3228_3225	>3225>3226>3228,>3225>3227>3228
3225_3222	>3222>3223>3225,>3222>3224>3225
3222_3219	>3219>3220>3222,>3219>3221>3222
3219_3216	>3216>3217>3219,>3216>3218>3219
3216_3213	>3213>3214>3216,>3213>3215>3216
3213_3210	>3210>3211>3213,>3210>3212>3213
3210_3207	>3207>3208>3210,>3207>3209>3210
3207_3205	>3205>3207,>3205>3206>3207
3205_3202	>3202>3203>3205,>3202>3204>3205
3202_3191	>3191>3202,>3191>3192>*>3201>3202
3201_3198	>3198>3199>3201,>3198>3200>3201
3198_3195	>3195>3196>3198,>3195>3197>3198
3195_3192	>3192>3193>3195,>3192>3194>3195
3191_3188	>3188>3189>3191,>3188>3190>3191
3188_3183	>3183>3188,>3183>3184>*>3187>3188
3187_3184	>3184>3185>3187,>3184>3186>3187
3183_3166	>3166>3183,>3166>3167>*>3182>3183
3182_3179	>3179>3180>3182,>3179>3181>3182
3179_3176	>3176>3177>3179,>3176>3178>3179
3176_3173	>3173>3174>3176,>3173>3175>3176
3173_3170	>3170>3171>3173,>3170>3172>3173
3170_3167	>3167>3168>3170,>3167>3169>3170
3166_3163	>3163>3164>3166,>3163>3165>3166
3163_3158	>3158>3163,>3158>3159>*>3162>3163
3162_3159	>3159>3160>3162,>3159>3161>3162
3158_3156	>3156>3158,>3156>3157>3158
3156_3153	>3153>3154>3156,>3153>3155>3156
3153_3150	>3150>3151>3153,>3150>3152>3153
3150_3147	>3147>3148>3150,>3147>3149>3150
3147_3145	>3145>3147,>3145>3146>3147
3145_3142	>3142>3143>3145,>3142>3144>3145
3142_3139	>3139>3140>3142,>3139>3141>3142
3139_3137	>3137>3139,>3137>3138>3139
3137_3134	>3134>3135>3137,>3134>3136>3137
3134_3132	>3132>3134,>3132>3133>3134
3132_3130	>3130>3132,>3130>3131>3132
3130_3127	>3127>3128>3130,>3127>3129>3130
3127_3124	>3124>3125>3127,>3124>3126>3127
3124_3121	>3121>3122>3124,>3121>3123>3124
3121_3118	>3118>3119>3121,>3118>3120>3121
3118_3115	>3115>3116>3118,>3115>3117>3118
3115_3107	>3107>3115,>3107>3108>*>3114>3115
3114_3111	>3111>3112>3114,>3111>3113>3114
3111_3108	>3108>3109>3111,>3108>3110>3111
3107_3104	>3104>3105>3107,>3104>3106>3107
3104_3099	>3099>3104,>3099>3100>*>3103>3104
3103_3100	>3100>3101>3103,>3100>3102>3103
3099_3096	>3096>3097>3099,>3096>3098>3099
3096_3093	>3093>3094>3096,>3093>3095>3096
3093_3090	>3090>3091>3093,>3090>3092>3093
3090_3087	>3087>3088>3090,>3087>3089>3090
3087_3085	>3085>3087,>3085>3086>3087
3085_3082	>3082>3083>3085,>3082>3084>3085
3082_3074	>3074>3082,>3074>3075>*>3081>3082
3081_3078	>3078>3079>3081,>3078>3080>3081
3078_3075	>3075>3076>3078,>3075>3077>3078
3074_3069	>3069>3074,>3069>3070>*>3073>3074
3073_3070	>3070>3071>3073,>3070>3072>3073
3069_3066	>3066>3067>3069,>3066>3068>3069
3066_3063	>3063>3064>3066,>3063>3065>3066
3063_3061	>3061>3063,>3061>3062>3063
3061_3058	>3058>3059>3061,>3058>3060>3061
3058_3055	>3055>3056>3058,>3055>3057>3058
3055_3052	>3052>3053>3055,>3052>3054>3055
3052_3050	>3050>3052,>3050>3051>3052
3050_3048	>3048>3050,>3048>3049>3050
3048_3025	>3025>3048,>3025>3026>*>3047>3048
3047_3044	>3044>3045>3047,>3044>3046>3047
3044_3041	>3041>3042>3044,>3041>3043>3044
3041_3038	>3038>3039>3041,>3038>3040>3041
3038_3035	>3035>3036>3038,>3035>3037>3038
3035_3032	>3032>3033>3035,>3032>3034>3035
3032_3029	>3029>3030>3032,>3029>3031>3032
3029_3026	>3026>3027>3029,>3026>3028>3029
3025_3022	>3022>3023>3025,>3022>3024>3025
3022_3019	>3019>3020>3022,>3019>3021>3022
3019_3016	>3016>3017>3019,>3016>3018>3019
3016_3013	>3013>3014>3016,>3013>3015>3016
3013_3010	>3010>3011>3013,>3010>3012>3013
3010_3007	>3007>3008>3010,>3007>3009>3010
3007_3002	>3002>3007,>3002>3003>*>3006>3007
3006_3003	>3003>3004>3006,>3003>3005>3006
3002_2999	>2999>3000>3002,>2999>3001>3002
2999_2996	>2996>2997>2999,>2996>2998>2999
2996_2993	>2993>2994>2996,>2993>2995>2996
2993_2990	>2990>2991>2993,>2990>2992>2993
2990_2987	>2987>2988>2990,>2987>2989>2990
2987_2984	>2984>2985>2987,>2984>2986>2987
2984_2981	>2981>2982>2984,>2981>2983>2984
2981_2978	>2978>2979>2981,>2978>2980>2981
2978_2975	>2975>2976>2978,>2975>2977>2978
2975_2972	>2972>2973>2975,>2972>2974>2975
2972_2969	>2969>2970>2972,>2969>2971>2972
2969_2966	>2966>2967>2969,>2966>2968>2969
2966_2963	>2963>2964>2966,>2963>2965>2966
2963_2955	>2955>2963,>2955>2956>*>2962>2963
2962_2959	>2959>2960>2962,>2959>2961>2962
2959_2956	>2956>2957>2959,>2956>2958>2959
2955_2952	>2952>2953>2955,>2952>2954>2955
2952_2947	>2947>2952,>2947>2948>*>2951>2952
2951_2948	>2948>2949>2951,>2948>2950>2951
2947_2944	>2944>2945>2947,>2944>2946>2947
2944_2941	>2941>2942>2944,>2941>2943>2944
2941_2938	>2938>2939>2941,>2938>2940>2941
2938_2936	>2936>2938,>2936>2937>2938
2936_2933	>2933>2934>2936,>2933>2935>2936
2933_2930	>2930>2931>2933,>2930>2932>2933
2930_2927	>2927>2928>2930,>2927>2929>2930
2927_2924	>2924>2925>2927,>2924>2926>2927
2924_2921	>2921>2922>2924,>2921>2923>2924
2921_2918	>2918>2919>2921,>2918>2920>2921
2918_2915	>2915>2916>2918,>2915>2917>2918
2915_2913	>2913>2915,>2913>2914>2915
2913_2910	>2910>2911>2913,>2910>2912>2913
2910_2905	>2905>2910,>2905>2906>*>2909>2910
2909_2906	>2906>2907>2909,>2906>2908>2909
2905_2902	>2902>2903>2905,>2902>2904>2905
2902_2900	>2900>2902,>2900>2901>2902
2900_2897	>2897>2898>2900,>2897>2899>2900
2897_2894	>2894>2895>2897,>2894>2896>2897
2894_2877	>2877>2894,>2877>2878>*>2893>2894
2893_2890	>2890>2891>2893,>2890>2892>2893
2890_2887	>2887>2888>2890,>2887>2889>2890
2887_2884	>2884>2885>2887,>2884>2886>2887
2884_2881	>2881>2882>2884,>2881>2883>2884
2881_2878	>2878>2879>2881,>2878>2880>2881
2877_2874	>2874>2875>2877,>2874>2876>2877
2874_2871	>2871>2872>2874,>2871>2873>2874
2871_2868	>2868>2869>2871,>2868>2870>2871
2868_2865	>2865>2866>2868,>2865>2867>2868
2865_2862	>2862>2863>2865,>2862>2864>2865
2862_2859	>2859>2860>2862,>2859>2861>2862
2859_2856	>2856>2857>2859,>2856>2858>2859
2856_2853	>2853>2854>2856,>2853>2855>2856
2853_2851	>2851>2853,>2851>2852>2853
2851_2840	>2840>2851,>2840>2841>*>2850>2851
2850_2847	>2847>2848>2850,>2847>2849>2850
2847_2844	>2844>2845>2847,>2844>2846>2847
2844_2841	>2841>2842>2844,>2841>2843>2844
2840_2823	>2823>2840,>2823>2824>*>2839>2840
2839_2836	>2836>2837>2839,>2836>2838>2839
2836_2833	>2833>2834>2836,>2833>2835>2836
2833_2830	>2830>2831>2833,>2830>2832>2833
2830_2827	>2827>2828>2830,>2827>2829>2830
2827_2824	>2824>2825>2827,>2824>2826>2827
2823_2821	>2821>2823,>2821>2822>2823
2821_2818	>2818>2819>2821,>2818>2820>2821
2818_2815	>2815>2816>2818,>2815>2817>2818
2815_2812	>2812>2813>2815,>2812>2814>2815
2812_2810	>2810>2812,>2810>2811>2812
2810_2807	>2807>2808>2810,>2807>2809>2810
2807_2804	>2804>2805>2807,>2804>2806>2807
2804_2796	>2796>2804,>2796>2797>*>2803>2804
2803_2800	>2800>2801>2803,>2800>2802>2803
2800_2797	>2797>2798>2800,>2797>2799>2800
2796_2793	>2793>2794>2796,>2793>2795>2796
2793_2790	>2790>2791>2793,>2790>2792>2793
2790_2785	>2785>2790,>2785>2786>*>2789>2790
2789_2786	>2786>2787>2789,>2786>2788>2789
2785_2782	>2782>2783>2785,>2782>2784>2785
2782_2779	>2779>2780>2782,>2779>2781>2782
2779_2762	>2762>2779,>2762>2763>*>2778>2779
2778_2775	>2775>2776>2778,>2775>2777>2778
2775_2772	>2772>2773>2775,>2772>2774>2775
2772_2769	>2769>2770>2772,>2769>2771>2772
2769_2766	>2766>2767>2769,>2766>2768>2769
2766_2763	>2763>2764>2766,>2763>2765>2766
2762_2759	>2759>2760>2762,>2759>2761>2762
2759_2756	>2756>2757>2759,>2756>2758>2759
2756_2753	>2753>2754>2756,>2753>2755>2756
2753_2750	>2750>2751>2753,>2750>2752>2753
2750_2747	>2747>2748>2750,>2747>2749>2750
2747_2742	>2742>2747,>2742>2743>*>2746>2747
2746_2743	>2743>2744>2746,>2743>2745>2746
2742_2739	>2739>2740>2742,>2739>2741>2742
2739_2736	>2736>2737>2739,>2736>2738>2739
2736_2733	>2733>2734>2736,>2733>2735>2736
2733_2730	>2730>2731>2733,>2730>2732>2733
2730_2727	>2727>2728>2730,>2727>2729>2730
2727_2719	>2719>2727,>2719>2720>*>2726>2727
2726_2723	>2723>2724>2726,>2723>2725>2726
2723_2720	>2720>2721>2723,>2720>2722>2723
2719_2717	>2717>2719,>2717>2718>2719
2717_2714	>2714>2715>2717,>2714>2716>2717
2714_2712	>2712>2714,>2712>2713>2714
2712_2709	>2709>2710>2712,>2709>2711>2712
2709_2706	>2706>2707>2709,>2706>2708>2709
2706_2704	>2704>2706,>2704>2705>2706
2704_2702	>2702>2704,>2702>2703>2704
2702_2699	>2699>2700>2702,>2699>2701>2702
2699_2696	>2696>2697>2699,>2696>2698>2699
2696_2693	>2693>2694>2696,>2693>2695>2696
2693_2690	>2690>2691>2693,>2690>2692>2693
2690_2687	>2687>2688>2690,>2687>2689>2690
2687_2684	>2684>2685>2687,>2684>2686>2687
2684_2681	>2681>2682>2684,>2681>2683>2684
2681_2678	>2678>2679>2681,>2678>2680>2681
2678_2675	>2675>2676>2678,>2675>2677>2678
2675_2672	>2672>2673>2675,>2672>2674>2675
2672_2667	>2667>2672,>2667>2668>*>2671>2672
2671_2668	>2668>2669>2671,>2668>2670>2671
2667_2644	>2644>2667,>2644>2645>*>2666>2667
2666_2663	>2663>2664>2666,>2663>2665>2666
2663_2660	>2660>2661>2663,>2660>2662>2663
2660_2657	>2657>2658>2660,>2657>2659>2660
2657_2654	>2654>2655>2657,>2654>2656>2657
2654_2651	>2651>2652>2654,>2651>2653>2654
2651_2648	>2648>2649>2651,>2648>2650>2651
2648_2645	>2645>2646>2648,>2645>2647>2648
2644_2641	>2641>2642>2644,>2641>2643>2644
2641_2638	>2638>2639>2641,>2638>2640>2641
2638_2635	>2635>2636>2638,>2635>2637>2638
2635_2632	>2632>2633>2635,>2632>2634>2635
2632_2629	>2629>2630>2632,>2629>2631>2632
2629_2626	>2626>2627>2629,>2626>2628>2629
2626_2623	>2623>2624>2626,>2623>2625>2626
2623_2620	>2620>2621>2623,>2620>2622>2623
2620_2618	>2618>2620,>2618>2619>2620
2618_2616	>2616>2618,>2616>2617>2618
2616_2602	>2602>2616,>2602>2603>*>2615>2616
2615_2612	>2612>2613>2615,>2612>2614>2615
2612_2609	>2609>2610>2612,>2609>2611>2612
2609_2606	>2606>2607>2609,>2606>2608>2609
2606_2603	>2603>2604>2606,>2603>2605>2606
2602_2599	>2599>2600>2602,>2599>2601>2602
2599_2596	>2596>2597>2599,>2596>2598>2599
2596_2594	>2594>2596,>2594>2595>2596
2594_2583	>2583>2594,>2583>2584>*>2593>2594
2593_2590	>2590>2591>2593,>2590>2592>2593
2590_2587	>2587>2588>2590,>2587>2589>2590
2587_2584	>2584>2585>2587,>2584>2586>2587
2583_2580	>2580>2581>2583,>2580>2582>2583
2580_2577	>2577>2578>2580,>2577>2579>2580
2577_2574	>2574>2575>2577,>2574>2576>2577
2574_2571	>2571>2572>2574,>2571>2573>2574
2571_2568	>2568>2569>2571,>2568>2570>2571
2568_2565	>2565>2566>2568,>2565>2567>2568
2565_2560	>2560>2565,>2560>2561>*>2564>2565
2564_2561	>2561>2562>2564,>2561>2563>2564
2560_2557	>2557>2558>2560,>2557>2559>2560
2557_2554	>2554>2555>2557,>2554>2556>2557
2554_2551	>2551>2552>2554,>2551>2553>2554
2551_2548	>2548>2549>2551,>2548>2550>2551
2548_2537	>2537>2548,>2537>2538>*>2547>2548
2547_2544	>2544>2545>2547,>2544>2546>2547
2544_2541	>2541>2542>2544,>2541>2543>2544
2541_2538	>2538>2539>2541,>2538>2540>2541
2537_2534	>2534>2535>2537,>2534>2536>2537
2534_2531	>2531>2532>2534,>2531>2533>2534
2531_2529	>2529>2531,>2529>2530>2531
2529_2526	>2526>2527>2529,>2526>2528>2529
2526_2523	>2523>2524>2526,>2523>2525>2526
2523_2520	>2520>2521>2523,>2520>2522>2523
2520_2517	>2517>2518>2520,>2517>2519>2520
2517_2512	>2512>2517,>2512>2513>*>2516>2517
2516_2513	>2513>2514>2516,>2513>2515>2516
2512_2495	>2495>2512,>2495>2496>*>2511>2512
2511_2508	>2508>2509>2511,>2508>2510>2511
2508_2505	>2505>2506>2508,>2505>2507>2508
2505_2502	>2502>2503>2505,>2502>2504>2505
2502_2499	>2499>2500>2502,>2499>2501>2502
2499_2496	>2496>2497>2499,>2496>2498>2499
2495_2492	>2492>2493>2495,>2492>2494>2495
2492_2489	>2489>2490>2492,>2489>2491>2492
2489_2486	>2486>2487>2489,>2486>2488>2489
2486_2483	>2483>2484>2486,>2483>2485>2486
2483_2480	>2480>2481>2483,>2480>2482>2483
2480_2478	>2478>2480,>2478>2479>2480
2478_2475	>2475>2476>2478,>2475>2477>2478
2475_2472	>2472>2473>2475,>2472>2474>2475
2472_2469	>2469>2470>2472,>2469>2471>2472
2469_2466	>2466>2467>2469,>2466>2468>2469
2466_2428	>2428>2466,>2428>2429>*>2465>2466
2465_2462	>2462>2463>2465,>2462>2464>2465
2462_2459	>2459>2460>2462,>2459>2461>2462
2459_2456	>2456>2457>2459,>2456>2458>2459
2456_2453	>2453>2454>2456,>2453>2455>2456
2453_2450	>2450>2451>2453,>2450>2452>2453
2450_2447	>2447>2448>2450,>2447>2449>2450
2447_2444	>2444>2445>2447,>2444>2446>2447
2444_2441	>2441>2442>2444,>2441>2443>2444
2441_2438	>2438>2439>2441,>2438>2440>2441
2438_2435	>2435>2436>2438,>2435>2437>2438
2435_2432	>2432>2433>2435,>2432>2434>2435
2432_2429	>2429>2430>2432,>2429>2431>2432
2428_2425	>2425>2426>2428,>2425>2427>2428
2425_2422	>2422>2423>2425,>2422>2424>2425
2422_2419	>2419>2420>2422,>2419>2421>2422
2419_2416	>2416>2417>2419,>2416>2418>2419
2416_2411	>2411>2416,>2411>2412>*>2415>2416
2415_2412	>2412>2413>2415,>2412>2414>2415
2411_2403	>2403>2411,>2403>2404>*>2410>2411
2410_2407	>2407>2408>2410,>2407>2409>2410
2407_2404	>2404>2405>2407,>2404>2406>2407
2403_2400	>2400>2401>2403,>2400>2402>2403
2400_2397	>2397>2398>2400,>2397>2399>2400
2397_2395	>2395>2397,>2395>2396>2397
2395_2390	>2390>2395,>2390>2391>*>2394>2395
2394_2391	>2391>2392>2394,>2391>2393>2394
2390_2387	>2387>2388>2390,>2387>2389>2390
2387_2382	>2382>2387,>2382>2383>*>2386>2387
2386_2383	>2383>2384>2386,>2383>2385>2386
2382_2379	>2379>2380>2382,>2379>2381>2382
2379_2376	>2376>2377>2379,>2376>2378>2379
2376_2373	>2373>2374>2376,>2373>2375>2376
2373_2370	>2370>2371>2373,>2370>2372>2373
2370_2368	>2368>2370,>2368>2369>2370
2368_2365	>2365>2366>2368,>2365>2367>2368
2365_2351	>2351>2365,>2351>2352>*>2364>2365
2364_2361	>2361>2362>2364,>2361>2363>2364
2361_2358	>2358>2359>2361,>2358>2360>2361
2358_2355	>2355>2356>2358,>2355>2357>2358
2355_2352	>2352>2353>2355,>2352>2354>2355
2351_2349	>2349>2351,>2349>2350>2351
2349_2346	>2346>2347>2349,>2346>2348>2349
2346_2341	>2341>2346,>2341>2342>*>2345>2346
2345_2342	>2342>2343>2345,>2342>2344>2345
2341_2336	>2336>2341,>2336>2337>*>2340>2341
2340_2337	>2337>2338>2340,>2337>2339>2340
2336_2333	>2333>2334>2336,>2333>2335>2336
2333_2328	>2328>2333,>2328>2329>*>2332>2333
2332_2329	>2329>2330>2332,>2329>2331>2332
2328_2325	>2325>2326>2328,>2325>2327>2328
2325_2322	>2322>2323>2325,>2322>2324>2325
2322_2319	>2319>2320>2322,>2319>2321>2322
2319_2316	>2316>2317>2319,>2316>2318>2319
2316_2314	>2314>2316,>2314>2315>2316
2314_2311	>2311>2312>2314,>2311>2313>2314
2311_2308	>2308>2309>2311,>2308>2310>2311
2308_2305	>2305>2306>2308,>2305>2307>2308
2305_2303	>2303>2305,>2303>2304>2305
2303_2300	>2300>2301>2303,>2300>2302>2303
2300_2297	>2297>2298>2300,>2297>2299>2300
2297_2294	>2294>2295>2297,>2294>2296>2297
2294_2291	>2291>2292>2294,>2291>2293>2294
2291_2289	>2289>2291,>2289>2290>2291
2289_2287	>2287>2289,>2287>2288>2289
2287_2284	>2284>2285>2287,>2284>2286>2287
2284_2281	>2281>2282>2284,>2281>2283>2284
2281_2278	>2278>2279>2281,>2278>2280>2281
2278_2275	>2275>2276>2278,>2275>2277>2278
2275_2273	>2273>2275,>2273>2274>2275
2273_2265	>2265>2273,>2265>2266>*>2272>2273
2272_2269	>2269>2270>2272,>2269>2271>2272
2269_2266	>2266>2267>2269,>2266>2268>2269
2265_2262	>2262>2263>2265,>2262>2264>2265
2262_2257	>2257>2262,>2257>2258>*>2261>2262
2261_2258	>2258>2259>2261,>2258>2260>2261
2257_2246	>2246>2257,>2246>2247>*>2256>2257
2256_2253	>2253>2254>2256,>2253>2255>2256
2253_2250	>2250>2251>2253,>2250>2252>2253
2250_2247	>2247>2248>2250,>2247>2249>2250
2246_2243	>2243>2244>2246,>2243>2245>2246
2243_2238	>2238>2243,>2238>2239>*>2242>2243
2242_2239	>2239>2240>2242,>2239>2241>2242
2238_2235	>2235>2236>2238,>2235>2237>2238
2235_2232	>2232>2233>2235,>2232>2234>2235
2232_2229	>2229>2230>2232,>2229>2231>2232
2229_2226	>2226>2227>2229,>2226>2228>2229
2226_2218	>2218>2226,>2218>2219>*>2225>2226
2225_2222	>2222>2223>2225,>2222>2224>2225
2222_2219	>2219>2220>2222,>2219>2221>2222
2218_2195	>2195>2218,>2195>2196>*>2217>2218
2217_2214	>2214>2215>2217,>2214>2216>2217
2214_2211	>2211>2212>2214,>2211>2213>2214
2211_2208	>2208>2209>2211,>2208>2210>2211
2208_2205	>2205>2206>2208,>2205>2207>2208
2205_2202	>2202>2203>2205,>2202>2204>2205
2202_2199	>2199>2200>2202,>2199>2201>2202
2199_2196	>2196>2197>2199,>2196>2198>2199
2195_2192	>2192>2193>2195,>2192>2194>2195
2192_2189	>2189>2190>2192,>2189>2191>2192
2189_2187	>2187>2189,>2187>2188>2189
2187_2184	>2184>2185>2187,>2184>2186>2187
2184_2181	>2181>2182>2184,>2181>2183>2184
2181_2178	>2178>2179>2181,>2178>2180>2181
2178_2158	>2158>2178,>2158>2159>*>2177>2178
2177_2174	>2174>2175>2177,>2174>2176>2177
2174_2171	>2171>2172>2174,>2171>2173>2174
2171_2168	>2168>2169>2171,>2168>2170>2171
2168_2165	>2165>2166>2168,>2165>2167>2168
2165_2162	>2162>2163>2165,>2162>2164>2165
2162_2159	>2159>2160>2162,>2159>2161>2162
2158_2155	>2155>2156>2158,>2155>2157>2158
2155_2152	>2152>2153>2155,>2152>2154>2155
2152_2149	>2149>2150>2152,>2149>2151>2152
2149_2146	>2146>2147>2149,>2146>2148>2149
2146_2143	>2143>2144>2146,>2143>2145>2146
2143_2140	>2140>2141>2143,>2140>2142>2143
2140_2137	>2137>2138>2140,>2137>2139>2140
2137_2134	>2134>2135>2137,>2134>2136>2137
2134_2131	>2131>2132>2134,>2131>2133>2134
2131_2128	>2128>2129>2131,>2128>2130>2131
2128_2125	>2125>2126>2128,>2125>2127>2128
2125_2122	>2122>2123>2125,>2122>2124>2125
2122_2119	>2119>2120>2122,>2119>2121>2122
2119_2116	>2116>2117>2119,>2116>2118>2119
2116_2113	>2113>2114>2116,>2113>2115>2116
2113_2110	>2110>2111>2113,>2110>2112>2113
2110_2102	>2102>2110,>2102>2103>*>2109>2110
2109_2106	>2106>2107>2109,>2106>2108>2109
2106_2103	>2103>2104>2106,>2103>2105>2106
2102_2099	>2099>2100>2102,>2099>2101>2102
2099_2096	>2096>2097>2099,>2096>2098>2099
2096_2093	>2093>2094>2096,>2093>2095>2096
2093_2091	>2091>2093,>2091>2092>2093
2091_2088	>2088>2089>2091,>2088>2090>2091
2088_2086	>2086>2088,>2086>2087>2088
2086_2083	>2083>2084>2086,>2083>2085>2086
2083_2080	>2080>2081>2083,>2080>2082>2083
2080_2077	>2077>2078>2080,>2077>2079>2080
2077_2074	>2074>2075>2077,>2074>2076>2077
2074_2071	>2071>2072>2074,>2071>2073>2074
2071_2066	>2066>2071,>2066>2067>*>2070>2071
2070_2067	>2067>2068>2070,>2067>2069>2070
2066_2064	>2064>2066,>2064>2065>2066
2064_2059	>2059>2064,>2059>2060>*>2063>2064
2063_2060	>2060>2061>2063,>2060>2062>2063
2059_2056	>2056>2057>2059,>2056>2058>2059
2056_2053	>2053>2054>2056,>2053>2055>2056
2053_2036	>2036>2053,>2036>2037>*>2052>2053
2052_2049	>2049>2050>2052,>2049>2051>2052
2049_2046	>2046>2047>2049,>2046>2048>2049
2046_2043	>2043>2044>2046,>2043>2045>2046
2043_2040	>2040>2041>2043,>2040>2042>2043
2040_2037	>2037>2038>2040,>2037>2039>2040
2036_2033	>2033>2034>2036,>2033>2035>2036
2033_2022	>2022>2033,>2022>2023>*>2032>2033
2032_2029	>2029>2030>2032,>2029>2031>2032
2029_2026	>2026>2027>2029,>2026>2028>2029
2026_2023	>2023>2024>2026,>2023>2025>2026
2022_2019	>2019>2020>2022,>2019>2021>2022
2019_2016	>2016>2017>2019,>2016>2018>2019
2016_2013	>2013>2014>2016,>2013>2015>2016
2013_2008	>2008>2013,>2008>2009>*>2012>2013
2012_2009	>2009>2010>2012,>2009>2011>2012
2008_2006	>2006>2008,>2006>2007>2008
2006_2003	>2003>2004>2006,>2003>2005>2006
2003_2000	>2000>2001>2003,>2000>2002>2003
2000_1997	>1997>1998>2000,>1997>1999>2000
1997_1995	>1995>1997,>1995>1996>1997
1995_1992	>1992>1993>1995,>1992>1994>1995
1992_1989	>1989>1990>1992,>1989>1991>1992
1989_1986	>1986>1987>1989,>1986>1988>1989
1986_1984	>1984>1986,>1984>1985>1986
1984_1981	>1981>1982>1984,>1981>1983>1984
1981_1973	>1973>1981,>1973>1974>*>1980>1981
1980_1977	>1977>1978>1980,>1977>1979>1980
1977_1974	>1974>1975>1977,>1974>1976>1977
1973_1962	>1962>1973,>1962>1963>*>1972>1973
1972_1969	>1969>1970>1972,>1969>1971>1972
1969_1966	>1966>1967>1969,>1966>1968>1969
1966_1963	>1963>1964>1966,>1963>1965>1966
1962_1960	>1960>1962,>1960>1961>1962
1960_1957	>1957>1958>1960,>1957>1959>1960
1957_1955	>1955>1957,>1955>1956>1957
1955_1952	>1952>1953>1955,>1952>1954>1955
1952_1949	>1949>1950>1952,>1949>1951>1952
1949_1938	>1938>1949,>1938>1939>*>1948>1949
1948_1945	>1945>1946>1948,>1945>1947>1948
1945_1942	>1942>1943>1945,>1942>1944>1945
1942_1939	>1939>1940>1942,>1939>1941>1942
1938_1935	>1935>1936>1938,>1935>1937>1938
1935_1932	>1932>1933>1935,>1932>1934>1935
1932_1929	>1929>1930>1932,>1929>1931>1932
1929_1926	>1926>1927>1929,>1926>1928>1929
1926_1923	>1923>1924>1926,>1923>1925>1926
1923_1921	>1921>1923,>1921>1922>1923
1921_1918	>1918>1919>1921,>1918>1920>1921
1918_1886	>1886>1918,>1886>1887>*>1917>1918
1917_1914	>1914>1915>1917,>1914>1916>1917
1914_1911	>1911>1912>1914,>1911>1913>1914
1911_1908	>1908>1909>1911,>1908>1910>1911
1908_1905	>1905>1906>1908,>1905>1907>1908
1905_1902	>1902>1903>1905,>1902>1904>1905
1902_1899	>1899>1900>1902,>1899>1901>1902
1899_1896	>1896>1897>1899,>1896>1898>1899
1896_1893	>1893>1894>1896,>1893>1895>1896
1893_1890	>1890>1891>1893,>1890>1892>1893
1890_1887	>1887>1888>1890,>1887>1889>1890
1886_1883	>1883>1884>1886,>1883>1885>1886
1883_1880	>1880>1881>1883,>1880>1882>1883
1880_1877	>1877>1878>1880,>1877>1879>1880
1877_1869	>1869>1877,>1869>1870>*>1876>1877
1876_1873	>1873>1874>1876,>1873>1875>1876
1873_1870	>1870>1871>1873,>1870>1872>1873
1869_1867	>1867>1869,>1867>1868>1869
1867_1864	>1864>1865>1867,>1864>1866>1867
1864_1850	>1850>1864,>1850>1851>*>1863>1864
1863_1860	>1860>1861>1863,>1860>1862>1863
1860_1857	>1857>1858>1860,>1857>1859>1860
1857_1854	>1854>1855>1857,>1854>1856>1857
1854_1851	>1851>1852>1854,>1851>1853>1854
1850_1847	>1847>1848>1850,>1847>1849>1850
1847_1844	>1844>1845>1847,>1844>1846>1847
1844_1841	>1841>1842>1844,>1841>1843>1844
1841_1838	>1838>1839>1841,>1838>1840>1841
1838_1835	>1835>1836>1838,>1835>1837>1838
1835_1832	>1832>1833>1835,>1832>1834>1835
1832_1829	>1829>1830>1832,>1829>1831>1832
1829_1826	>1826>1827>1829,>1826>1828>1829
1826_1823	>1823>1824>1826,>1823>1825>1826
1823_1820	>1820>1821>1823,>1820>1822>1823
1820_1817	>1817>1818>1820,>1817>1819>1820
1817_1814	>1814>1815>1817,>1814>1816>1817
1814_1812	>1812>1814,>1812>1813>1814
1812_1810	>1810>1812,>1810>1811>1812
1810_1802	>1802>1810,>1802>1803>*>1809>1810
1809_1806	>1806>1807>1809,>1806>1808>1809
1806_1803	>1803>1804>1806,>1803>1805>1806
1802_1799	>1799>1800>1802,>1799>1801>1802
1799_1796	>1796>1797>1799,>1796>1798>1799
1796_1793	>1793>1794>1796,>1793>1795>1796
1793_1790	>1790>1791>1793,>1790>1792>1793
1790_1787	>1787>1788>1790,>1787>1789>1790
1787_1782	>1782>1787,>1782>1783>*>1786>1787
1786_1783	>1783>1784>1786,>1783>1785>1786
1782_1756	>1756>1782,>1756>1757>*>1781>1782
1781_1778	>1778>1779>1781,>1778>1780>1781
1778_1775	>1775>1776>1778,>1775>1777>1778
1775_1772	>1772>1773>1775,>1772>1774>1775
1772_1769	>1769>1770>1772,>1769>1771>1772
1769_1766	>1766>1767>1769,>1766>1768>1769
1766_1763	>1763>1764>1766,>1763>1765>1766
1763_1760	>1760>1761>1763,>1760>1762>1763
1760_1757	>1757>1758>1760,>1757>1759>1760
1756_1748	>1748>1756,>1748>1749>*>1755>1756
1755_1752	>1752>1753>1755,>1752>1754>1755
1752_1749	>1749>1750>1752,>1749>1751>1752
1748_1745	>1745>1746>1748,>1745>1747>1748
1745_1743	>1743>1745,>1743>1744>1745
1743_1740	>1740>1741>1743,>1740>1742>1743
1740_1737	>1737>1738>1740,>1737>1739>1740
1737_1734	>1734>1735>1737,>1734>1736>1737
1734_1731	>1731>1732>1734,>1731>1733>1734
1731_1728	>1728>1729>1731,>1728>1730>1731
1728_1725	>1725>1726>1728,>1725>1727>1728
1725_1723	>1723>1725,>1723>1724>1725
1723_1718	>1718>1723,>1718>1719>*>1722>1723
1722_1719	>1719>1720>1722,>1719>1721>1722
1718_1715	>1715>1716>1718,>1715>1717>1718
1715_1712	>1712>1713>1715,>1712>1714>1715
1712_1709	>1709>1710>1712,>1709>1711>1712
1709_1706	>1706>1707>1709,>1706>1708>1709
1706_1695	>1695>1706,>1695>1696>*>1705>1706
1705_1702	>1702>1703>1705,>1702>1704>1705
1702_1699	>1699>1700>1702,>1699>1701>1702
1699_1696	>1696>1697>1699,>1696>1698>1699
1695_1693	>1693>1695,>1693>1694>1695
1693_1690	>1690>1691>1693,>1690>1692>1693
1690_1688	>1688>1690,>1688>1689>1690
1688_1685	>1685>1686>1688,>1685>1687>1688
1685_1682	>1682>1683>1685,>1682>1684>1685
1682_1679	>1679>1680>1682,>1679>1681>1682
1679_1676	>1676>1677>1679,>1676>1678>1679
1676_1673	>1673>1674>1676,>1673>1675>1676
1673_1670	>1670>1671>1673,>1670>1672>1673
1670_1647	>1647>1670,>1647>1648>*>1669>1670
1669_1666	>1666>1667>1669,>1666>1668>1669
1666_1663	>1663>1664>1666,>1663>1665>1666
1663_1660	>1660>1661>1663,>1660>1662>1663
1660_1657	>1657>1658>1660,>1657>1659>1660
1657_1654	>1654>1655>1657,>1654>1656>1657
1654_1651	>1651>1652>1654,>1651>1653>1654
1651_1648	>1648>1649>1651,>1648>1650>1651
1647_1644	>1644>1645>1647,>1644>1646>1647
1644_1641	>1641>1642>1644,>1641>1643>1644
1641_1638	>1638>1639>1641,>1638>1640>1641
1638_1635	>1635>1636>1638,>1635>1637>1638
1635_1632	>1632>1633>1635,>1632>1634>1635
1632_1629	>1629>1630>1632,>1629>1631>1632
1629_1626	>1626>1627>1629,>1626>1628>1629
1626_1623	>1623>1624>1626,>1623>1625>1626
1623_1620	>1620>1621>1623,>1620>1622>1623
1620_1618	>1618>1620,>1618>1619>1620
1618_1615	>1615>1616>1618,>1615>1617>1618
1615_1613	>1613>1615,>1613>1614>1615
1613_1610	>1610>1611>1613,>1610>1612>1613
1610_1608	>1608>1610,>1608>1609>1610
1608_1605	>1605>1606>1608,>1605>1607>1608
1605_1573	>1573>1605,>1573>1574>*>1604>1605
1604_1601	>1601>1602>1604,>1601>1603>1604
1601_1598	>1598>1599>1601,>1598>1600>1601
1598_1595	>1595>1596>1598,>1595>1597>1598
1595_1592	>1592>1593>1595,>1592>1594>1595
1592_1589	>1589>1590>1592,>1589>1591>1592
1589_1586	>1586>1587>1589,>1586>1588>1589
1586_1583	>1583>1584>1586,>1583>1585>1586
1583_1580	>1580>1581>1583,>1580>1582>1583
1580_1577	>1577>1578>1580,>1577>1579>1580
1577_1574	>1574>1575>1577,>1574>1576>1577
1573_1559	>1559>1573,>1559>1560>*>1572>1573
1572_1569	>1569>1570>1572,>1569>1571>1572
1569_1566	>1566>1567>1569,>1566>1568>1569
1566_1563	>1563>1564>1566,>1563>1565>1566
1563_1560	>1560>1561>1563,>1560>1562>1563
1559_1557	>1557>1559,>1557>1558>1559
1557_1555	>1555>1557,>1555>1556>1557
1555_1552	>1552>1553>1555,>1552>1554>1555
1552_1550	>1550>1552,>1550>1551>1552
1550_1547	>1547>1548>1550,>1547>1549>1550
1547_1544	>1544>1545>1547,>1544>1546>1547
1544_1539	>1539>1544,>1539>1540>*>1543>1544
1543_1540	>1540>1541>1543,>1540>1542>1543
1539_1537	>1537>1539,>1537>1538>1539
1537_1535	>1535>1537,>1535>1536>1537
1535_1532	>1532>1533>1535,>1532>1534>1535
1532_1518	>1518>1532,>1518>1519>*>1531>1532
1531_1528	>1528>1529>1531,>1528>1530>1531
1528_1525	>1525>1526>1528,>1525>1527>1528
1525_1522	>1522>1523>1525,>1522>1524>1525
1522_1519	>1519>1520>1522,>1519>1521>1522
1518_1515	>1515>1516>1518,>1515>1517>1518
1515_1513	>1513>1515,>1513>1514>1515
1513_1510	>1510>1511>1513,>1510>1512>1513
1510_1507	>1507>1508>1510,>1507>1509>1510
1507_1504	>1504>1505>1507,>1504>1506>1507
1504_1501	>1501>1502>1504,>1501>1503>1504
1501_1498	>1498>1499>1501,>1498>1500>1501
1498_1495	>1495>1496>1498,>1495>1497>1498
1495_1487	>1487>1495,>1487>1488>*>1494>1495
1494_1491	>1491>1492>1494,>1491>1493>1494
1491_1488	>1488>1489>1491,>1488>1490>1491
1487_1485	>1485>1487,>1485>1486>1487
1485_1482	>1482>1483>1485,>1482>1484>1485
1482_1480	>1480>1482,>1480>1481>1482
1480_1477	>1477>1478>1480,>1477>1479>1480
1477_1474	>1474>1475>1477,>1474>1476>1477
1474_1457	>1457>1474,>1457>1458>*>1473>1474
1473_1470	>1470>1471>1473,>1470>1472>1473
1470_1467	>1467>1468>1470,>1467>1469>1470
1467_1464	>1464>1465>1467,>1464>1466>1467
1464_1461	>1461>1462>1464,>1461>1463>1464
1461_1458	>1458>1459>1461,>1458>1460>1461
1457_1454	>1454>1455>1457,>1454>1456>1457
1454_1451	>1451>1452>1454,>1451>1453>1454
1451_1448	>1448>1449>1451,>1448>1450>1451
1448_1443	>1443>1448,>1443>1444>*>1447>1448
1447_1444	>1444>1445>1447,>1444>1446>1447
1443_1440	>1440>1441>1443,>1440>1442>1443
1440_1437	>1437>1438>1440,>1437>1439>1440
1437_1435	>1435>1437,>1435>1436>1437
1435_1432	>1432>1433>1435,>1432>1434>1435
1432_1427	>1427>1432,>1427>1428>*>1431>1432
1431_1428	>1428>1429>1431,>1428>1430>1431
1427_1425	>1425>1427,>1425>1426>1427
1425_1422	>1422>1423>1425,>1422>1424>1425
1422_1417	>1417>1422,>1417>1418>*>1421>1422
1421_1418	>1418>1419>1421,>1418>1420>1421
1417_1415	>1415>1417,>1415>1416>1417
1415_1413	>1413>1415,>1413>1414>1415
1413_1410	>1410>1411>1413,>1410>1412>1413
1410_1407	>1407>1408>1410,>1407>1409>1410
1407_1404	>1404>1405>1407,>1404>1406>1407
1404_1401	>1401>1402>1404,>1401>1403>1404
1401_1399	>1399>1401,>1399>1400>1401
1399_1397	>1397>1399,>1397>1398>1399
1397_1394	>1394>1395>1397,>1394>1396>1397
1394_1386	>1386>1394,>1386>1387>*>1393>1394
1393_1390	>1390>1391>1393,>1390>1392>1393
1390_1387	>1387>1388>1390,>1387>1389>1390
1386_1383	>1383>1384>1386,>1383>1385>1386
1383_1380	>1380>1381>1383,>1380>1382>1383
1380_1377	>1377>1378>1380,>1377>1379>1380
1377_1372	>1372>1377,>1372>1373>*>1376>1377
1376_1373	>1373>1374>1376,>1373>1375>1376
1372_1370	>1370>1372,>1370>1371>1372
1370_1367	>1367>1368>1370,>1367>1369>1370
1367_1364	>1364>1365>1367,>1364>1366>1367
1364_1361	>1361>1362>1364,>1361>1363>1364
1361_1356	>1356>1361,>1356>1357>*>1360>1361
1360_1357	>1357>1358>1360,>1357>1359>1360
1356_1354	>1354>1356,>1354>1355>1356
1354_1351	>1351>1352>1354,>1351>1353>1354
1351_1348	>1348>1349>1351,>1348>1350>1351
1348_1340	>1340>1348,>1340>1341>*>1347>1348
1347_1344	>1344>1345>1347,>1344>1346>1347
1344_1341	>1341>1342>1344,>1341>1343>1344
1340_1337	>1337>1338>1340,>1337>1339>1340
1337_1334	>1334>1335>1337,>1334>1336>1337
1334_1332	>1332>1334,>1332>1333>1334
1332_1329	>1329>1330>1332,>1329>1331>1332
1329_1306	>1306>1329,>1306>1307>*>1328>1329
1328_1325	>1325>1326>1328,>1325>1327>1328
1325_1322	>1322>1323>1325,>1322>1324>1325
1322_1319	>1319>1320>1322,>1319>1321>1322
1319_1316	>1316>1317>1319,>1316>1318>1319
1316_1313	>1313>1314>1316,>1313>1315>1316
1313_1310	>1310>1311>1313,>1310>1312>1313
1310_1307	>1307>1308>1310,>1307>1309>1310
1306_1303	>1303>1304>1306,>1303>1305>1306
1303_1283	>1283>1303,>1283>1284>*>1302>1303
1302_1299	>1299>1300>1302,>1299>1301>1302
1299_1296	>1296>1297>1299,>1296>1298>1299
1296_1293	>1293>1294>1296,>1293>1295>1296
1293_1290	>1290>1291>1293,>1290>1292>1293
1290_1287	>1287>1288>1290,>1287>1289>1290
1287_1284	>1284>1285>1287,>1284>1286>1287
1283_1278	>1278>1283,>1278>1279>*>1282>1283
1282_1279	>1279>1280>1282,>1279>1281>1282
1278_1264	>1264>1278,>1264>1265>*>1277>1278
1277_1274	>1274>1275>1277,>1274>1276>1277
1274_1271	>1271>1272>1274,>1271>1273>1274
1271_1268	>1268>1269>1271,>1268>1270>1271
1268_1265	>1265>1266>1268,>1265>1267>1268
1264_1261	>1261>1262>1264,>1261>1263>1264
1261_1253	>1253>1261,>1253>1254>*>1260>1261
1260_1257	>1257>1258>1260,>1257>1259>1260
1257_1254	>1254>1255>1257,>1254>1256>1257
1253_1250	>1250>1251>1253,>1250>1252>1253
1250_1239	>1239>1250,>1239>1240>*>1249>1250
1249_1246	>1246>1247>1249,>1246>1248>1249
1246_1243	>1243>1244>1246,>1243>1245>1246
1243_1240	>1240>1241>1243,>1240>1242>1243
1239_1236	>1236>1237>1239,>1236>1238>1239
1236_1233	>1233>1234>1236,>1233>1235>1236
1233_1230	>1230>1231>1233,>1230>1232>1233
1230_1227	>1227>1228>1230,>1227>1229>1230
1227_1224	>1224>1225>1227,>1224>1226>1227
1224_1221	>1221>1222>1224,>1221>1223>1224
1221_1218	>1218>1219>1221,>1218>1220>1221
1218_1215	>1215>1216>1218,>1215>1217>1218
1215_1212	>1212>1213>1215,>1212>1214>1215
1212_1209	>1209>1210>1212,>1209>1211>1212
1209_1206	>1206>1207>1209,>1206>1208>1209
1206_1203	>1203>1204>1206,>1203>1205>1206
1203_1200	>1200>1201>1203,>1200>1202>1203
1200_1197	>1197>1198>1200,>1197>1199>1200
1197_1183	>1183>1197,>1183>1184>*>1196>1197
1196_1193	>1193>1194>1196,>1193>1195>1196
1193_1190	>1190>1191>1193,>1190>1192>1193
1190_1187	>1187>1188>1190,>1187>1189>1190
1187_1184	>1184>1185>1187,>1184>1186>1187
1183_1180	>1180>1181>1183,>1180>1182>1183
1180_1177	>1177>1178>1180,>1177>1179>1180
1177_1174	>1174>1175>1177,>1174>1176>1177
1174_1172	>1172>1174,>1172>1173>1174
1172_1169	>1169>1170>1172,>1169>1171>1172
1169_1166	>1166>1167>1169,>1166>1168>1169
1166_1155	>1155>1166,>1155>1156>*>1165>1166
1165_1162	>1162>1163>1165,>1162>1164>1165
1162_1159	>1159>1160>1162,>1159>1161>1162
1159_1156	>1156>1157>1159,>1156>1158>1159
1155_1152	>1152>1153>1155,>1152>1154>1155
1152_1144	>1144>1152,>1144>1145>*>1151>1152
1151_1148	>1148>1149>1151,>1148>1150>1151
1148_1145	>1145>1146>1148,>1145>1147>1148
1144_1141	>1141>1142>1144,>1141>1143>1144
1141_1138	>1138>1139>1141,>1138>1140>1141
1138_1135	>1135>1136>1138,>1135>1137>1138
1135_1132	>1132>1133>1135,>1132>1134>1135
1132_1129	>1129>1130>1132,>1129>1131>1132
1129_1126	>1126>1127>1129,>1126>1128>1129
1126_1094	>1094>1126,>1094>1095>*>1125>1126
1125_1122	>1122>1123>1125,>1122>1124>1125
1122_1119	>1119>1120>1122,>1119>1121>1122
1119_1116	>1116>1117>1119,>1116>1118>1119
1116_1113	>1113>1114>1116,>1113>1115>1116
1113_1110	>1110>1111>1113,>1110>1112>1113
1110_1107	>1107>1108>1110,>1107>1109>1110
1107_1104	>1104>1105>1107,>1104>1106>1107
1104_1101	>1101>1102>1104,>1101>1103>1104
1101_1098	>1098>1099>1101,>1098>1100>1101
1098_1095	>1095>1096>1098,>1095>1097>1098
1094_1092	>1092>1094,>1092>1093>1094
1092_1089	>1089>1090>1092,>1089>1091>1092
1089_1086	>1086>1087>1089,>1086>1088>1089
1086_1083	>1083>1084>1086,>1083>1085>1086
1083_1080	>1080>1081>1083,>1080>1082>1083
1080_1077	>1077>1078>1080,>1077>1079>1080
1077_1074	>1074>1075>1077,>1074>1076>1077
1074_1071	>1071>1072>1074,>1071>1073>1074
1071_1068	>1068>1069>1071,>1068>1070>1071
1068_1065	>1065>1066>1068,>1065>1067>1068
1065_1062	>1062>1063>1065,>1062>1064>1065
1062_1054	>1054>1062,>1054>1055>*>1061>1062
1061_1058	>1058>1059>1061,>1058>1060>1061
1058_1055	>1055>1056>1058,>1055>1057>1058
1054_1051	>1051>1052>1054,>1051>1053>1054
1051_1048	>1048>1049>1051,>1048>1050>1051
1048_1045	>1045>1046>1048,>1045>1047>1048
1045_1042	>1042>1043>1045,>1042>1044>1045
1042_1039	>1039>1040>1042,>1039>1041>1042
1039_1034	>1034>1039,>1034>1035>*>1038>1039
1038_1035	>1035>1036>1038,>1035>1037>1038
1034_1031	>1031>1032>1034,>1031>1033>1034
1031_1008	>1008>1031,>1008>1009>*>1030>1031
1030_1027	>1027>1028>1030,>1027>1029>1030
1027_1024	>1024>1025>1027,>1024>1026>1027
1024_1021	>1021>1022>1024,>1021>1023>1024
1021_1018	>1018>1019>1021,>1018>1020>1021
1018_1015	>1015>1016>1018,>1015>1017>1018
1015_1012	>1012>1013>1015,>1012>1014>1015
1012_1009	>1009>1010>1012,>1009>1011>1012
1008_1005	>1005>1006>1008,>1005>1007>1008
1005_1002	>1002>1003>1005,>1002>1004>1005
1002_999	>999>1000>1002,>999>1001>1002
999_996	>996>997>999,>996>998>999
996_994	>994>996,>994>995>996
994_991	>991>992>994,>991>993>994
991_988	>988>989>991,>988>990>991
988_985	>985>986>988,>985>987>988
985_982	>982>983>985,>982>984>985
982_968	>968>982,>968>969>*>981>982
981_978	>978>979>981,>978>980>981
978_975	>975>976>978,>975>977>978
975_972	>972>973>975,>972>974>975
972_969	>969>970>972,>969>971>972
968_965	>965>966>968,>965>967>968
965_942	>942>965,>942>943>*>964>965
964_961	>961>962>964,>961>963>964
961_958	>958>959>961,>958>960>961
958_955	>955>956>958,>955>957>958
955_952	>952>953>955,>952>954>955
952_949	>949>950>952,>949>951>952
949_946	>946>947>949,>946>948>949
946_943	>943>944>946,>943>945>946
942_939	>939>940>942,>939>941>942
939_936	>936>937>939,>936>938>939
936_934	>934>936,>934>935>936
934_931	>931>932>934,>931>933>934
931_929	>929>931,>929>930>931
929_924	>924>929,>924>925>*>928>929
928_925	>925>926>928,>925>927>928
924_921	>921>922>924,>921>923>924
921_918	>918>919>921,>918>920>921
918_904	>904>918,>904>905>*>917>918
917_914	>914>915>917,>914>916>917
914_911	>911>912>914,>911>913>914
911_908	>908>909>911,>908>910>911
908_905	>905>906>908,>905>907>908
904_901	>901>902>904,>901>903>904
901_893	>893>901,>893>894>*>900>901
900_897	>897>898>900,>897>899>900
897_894	>894>895>897,>894>896>897
893_890	>890>891>893,>890>892>893
890_887	>887>888>890,>887>889>890
887_885	>885>887,>885>886>887
885_883	>883>885,>883>884>885
883_880	>880>881>883,>880>882>883
880_877	>877>878>880,>877>879>880
877_874	>874>875>877,>874>876>877
874_871	>871>872>874,>871>873>874
871_868	>868>869>871,>868>870>871
868_866	>866>868,>866>867>868
866_863	>863>864>866,>863>865>866
863_861	>861>863,>861>862>863
861_858	>858>859>861,>858>860>861
858_855	>855>856>858,>855>857>858
855_852	>852>853>855,>852>854>855
852_850	>850>852,>850>851>852
850_847	>847>848>850,>847>849>850
847_844	>844>845>847,>844>846>847
844_842	>842>844,>842>843>844
842_828	>828>842,>828>829>*>841>842
841_838	>838>839>841,>838>840>841
838_835	>835>836>838,>835>837>838
835_832	>832>833>835,>832>834>835
832_829	>829>830>832,>829>831>832
828_808	>808>828,>808>809>*>827>828
827_824	>824>825>827,>824>826>827
824_821	>821>822>824,>821>823>824
821_818	>818>819>821,>818>820>821
818_815	>815>816>818,>815>817>818
815_812	>812>813>815,>812>814>815
812_809	>809>810>812,>809>811>812
808_805	>805>806>808,>805>807>808
805_802	>802>803>805,>802>804>805
802_799	>799>800>802,>799>801>802
799_797	>797>799,>797>798>799
797_792	>792>797,>792>793>*>796>797
796_793	>793>794>796,>793>795>796
792_790	>790>792,>790>791>792
790_787	>787>788>790,>787>789>790
787_779	>779>787,>779>780>*>786>787
786_783	>783>784>786,>783>785>786
783_780	>780>781>783,>780>782>783
779_768	>768>779,>768>769>*>778>779
778_775	>775>776>778,>775>777>778
775_772	>772>773>775,>772>774>775
772_769	>769>770>772,>769>771>772
768_766	>766>768,>766>767>768
766_764	>764>766,>764>765>766
764_761	>761>762>764,>761>763>764
761_758	>758>759>761,>758>760>761
758_755	>755>756>758,>755>757>758
755_747	>747>755,>747>748>*>754>755
754_751	>751>752>754,>751>753>754
751_748	>748>749>751,>748>750>751
747_745	>745>747,>745>746>747
745_742	>742>743>745,>742>744>745
742_737	>737>742,>737>738>*>741>742
741_738	>738>739>741,>738>740>741
737_734	>734>735>737,>734>736>737
734_731	>731>732>734,>731>733>734
731_728	>728>729>731,>728>730>731
728_726	>726>728,>726>727>728
726_723	>723>724>726,>723>725>726
723_706	>706>723,>706>707>*>722>723
722_719	>719>720>722,>719>721>722
719_716	>716>717>719,>716>718>719
716_713	>713>714>716,>713>715>716
713_710	>710>711>713,>710>712>713
710_707	>707>708>710,>707>709>710
706_703	>703>704>706,>703>705>706
703_700	>700>701>703,>700>702>703
700_697	>697>698>700,>697>699>700
697_694	>694>695>697,>694>696>697
694_691	>691>692>694,>691>693>694
691_688	>688>689>691,>688>690>691
688_685	>685>686>688,>685>687>688
685_682	>682>683>685,>682>684>685
682_679	>679>680>682,>679>681>682
679_676	>676>677>679,>676>678>679
676_673	>673>674>676,>673>675>676
673_670	>670>671>673,>670>672>673
670_667	>667>668>670,>667>669>670
667_664	>664>665>667,>664>666>667
664_661	>661>662>664,>661>663>664
661_658	>658>659>661,>658>660>661
658_655	>655>656>658,>655>657>658
655_652	>652>653>655,>652>654>655
652_649	>649>650>652,>649>651>652
649_647	>647>649,>647>648>649
647_644	>644>645>647,>644>646>647
644_641	>641>642>644,>641>643>644
641_638	>638>639>641,>638>640>641
638_635	>635>636>638,>635>637>638
635_633	>633>635,>633>634>635
633_630	>630>631>633,>630>632>633
630_627	>627>628>630,>627>629>630
627_624	>624>625>627,>624>626>627
624_621	>621>622>624,>621>623>624
621_618	>618>619>621,>618>620>621
618_615	>615>616>618,>615>617>618
615_612	>612>613>615,>612>614>615
612_607	>607>612,>607>608>*>611>612
611_608	>608>609>611,>608>610>611
607_605	>605>607,>605>606>607
605_602	>602>603>605,>602>604>605
602_599	>599>600>602,>599>601>602
599_596	>596>597>599,>596>598>599
596_594	>594>596,>594>595>596
594_592	>592>594,>592>593>594
592_589	>589>590>592,>589>591>592
589_586	>586>587>589,>586>588>589
586_583	>583>584>586,>583>585>586
583_580	>580>581>583,>580>582>583
580_577	>577>578>580,>577>579>580
577_574	>574>575>577,>574>576>577
574_566	>566>574,>566>567>*>573>574
573_570	>570>571>573,>570>572>573
570_567	>567>568>570,>567>569>570
566_563	>563>564>566,>563>565>566
563_560	>560>561>563,>560>562>563
560_558	>558>560,>558>559>560
558_555	>555>556>558,>555>557>558
555_532	>532>555,>532>533>*>554>555
554_551	>551>552>554,>551>553>554
551_548	>548>549>551,>548>550>551
548_545	>545>546>548,>545>547>548
545_542	>542>543>545,>542>544>545
542_539	>539>540>542,>539>541>542
539_536	>536>537>539,>536>538>539
536_533	>533>534>536,>533>535>536
532_529	>529>530>532,>529>531>532
529_526	>526>527>529,>526>528>529
526_503	>503>526,>503>504>*>525>526
525_522	>522>523>525,>522>524>525
522_519	>519>520>522,>519>521>522
519_516	>516>517>519,>516>518>519
516_513	>513>514>516,>513>515>516
513_510	>510>511>513,>510>512>513
510_507	>507>508>510,>507>509>510
507_504	>504>505>507,>504>506>507
503_500	>500>501>503,>500>502>503
500_497	>497>498>500,>497>499>500
497_494	>494>495>497,>494>496>497
494_491	>491>492>494,>491>493>494
491_488	>488>489>491,>488>490>491
488_485	>485>486>488,>485>487>488
485_474	>474>485,>474>475>*>484>485
484_481	>481>482>484,>481>483>484
481_478	>478>479>481,>478>480>481
478_475	>475>476>478,>475>477>478
474_471	>471>472>474,>471>473>474
471_468	>468>469>471,>468>470>471
468_465	>465>466>468,>465>467>468
465_463	>463>465,>463>464>465
463_460	>460>461>463,>460>462>463
460_457	>457>458>460,>457>459>460
457_449	>449>457,>449>450>*>456>457
456_453	>453>454>456,>453>455>456
453_450	>450>451>453,>450>452>453
449_446	>446>447>449,>446>448>449
446_443	>443>444>446,>443>445>446
443_440	>440>441>443,>440>442>443
440_423	>423>440,>423>424>*>439>440
439_436	>436>437>439,>436>438>439
436_433	>433>434>436,>433>435>436
433_430	>430>431>433,>430>432>433
430_427	>427>428>430,>427>429>430
427_424	>424>425>427,>424>426>427
423_421	>421>423,>421>422>423
421_418	>418>419>421,>418>420>421
418_415	>415>416>418,>415>417>418
415_412	>412>413>415,>412>414>415
412_410	>410>412,>410>411>412
410_407	>407>408>410,>407>409>410
407_399	>399>407,>399>400>*>406>407
406_403	>403>404>406,>403>405>406
403_400	>400>401>403,>400>402>403
399_396	>396>397>399,>396>398>399
396_393	>393>394>396,>393>395>396
393_390	>390>391>393,>390>392>393
390_388	>388>390,>388>389>390
388_386	>386>388,>386>387>388
386_384	>384>386,>384>385>386
384_381	>381>382>384,>381>383>384
381_378	>378>379>381,>378>380>381
378_375	>375>376>378,>375>377>378
375_364	>364>375,>364>365>*>374>375
374_371	>371>372>374,>371>373>374
371_368	>368>369>371,>368>370>371
368_365	>365>366>368,>365>367>368
364_361	>361>362>364,>361>363>364
361_358	>358>359>361,>358>360>361
358_355	>355>356>358,>355>357>358
355_352	>352>353>355,>352>354>355
352_350	>350>352,>350>351>352
350_347	>347>348>350,>347>349>350
347_345	>345>347,>345>346>347
345_342	>342>343>345,>342>344>345
342_339	>339>340>342,>339>341>342
339_336	>336>337>339,>336>338>339
336_333	>333>334>336,>333>335>336
333_330	>330>331>333,>330>332>333
330_327	>327>328>330,>327>329>330
327_325	>325>327,>325>326>327
325_322	>322>323>325,>322>324>325
322_319	>319>320>322,>319>321>322
319_316	>316>317>319,>316>318>319
316_313	>313>314>316,>313>315>316
313_310	>310>311>313,>310>312>313
310_305	>305>310,>305>306>*>309>310
309_306	>306>307>309,>306>308>309
305_302	>302>303>305,>302>304>305
302_297	>297>302,>297>298>*>301>302
301_298	>298>299>301,>298>300>301
297_294	>294>295>297,>294>296>297
294_292	>292>294,>292>293>294
292_284	>284>292,>284>285>*>291>292
291_288	>288>289>291,>288>290>291
288_285	>285>286>288,>285>287>288
284_281	>281>282>284,>281>283>284
281_273	>273>281,>273>274>*>280>281
280_277	>277>278>280,>277>279>280
277_274	>274>275>277,>274>276>277
273_270	>270>271>273,>270>272>273
270_267	>267>268>270,>267>269>270
267_262	>262>267,>262>263>*>266>267
266_263	>263>264>266,>263>265>266
262_257	>257>262,>257>258>*>261>262
261_258	>258>259>261,>258>260>261
257_252	>252>257,>252>253>*>256>257
256_253	>253>254>256,>253>255>256
252_249	>249>250>252,>249>251>252
249_246	>246>247>249,>246>248>249
246_243	>243>244>246,>243>245>246
243_240	>240>241>243,>240>242>243
240_237	>237>238>240,>237>239>240
237_234	>234>235>237,>234>236>237
234_226	>226>234,>226>227>*>233>234
233_230	>230>231>233,>230>232>233
230_227	>227>228>230,>227>229>230
226_223	>223>224>226,>223>225>226
223_220	>220>221>223,>220>222>223
220_217	>217>218>220,>217>219>220
217_214	>214>215>217,>214>216>217
214_211	>211>212>214,>211>213>214
211_197	>197>211,>197>198>*>210>211
210_207	>207>208>210,>207>209>210
207_204	>204>205>207,>204>206>207
204_201	>201>202>204,>201>203>204
201_198	>198>199>201,>198>200>201
197_194	>194>195>197,>194>196>197
194_191	>191>192>194,>191>193>194
191_189	>189>191,>189>190>191
189_175	>175>189,>175>176>*>188>189
188_185	>185>186>188,>185>187>188
185_182	>182>183>185,>182>184>185
182_179	>179>180>182,>179>181>182
179_176	>176>177>179,>176>178>179
175_170	>170>175,>170>171>*>174>175
174_171	>171>172>174,>171>173>174
170_167	>167>168>170,>167>169>170
167_156	>156>167,>156>157>*>166>167
166_163	>163>164>166,>163>165>166
163_160	>160>161>163,>160>162>163
160_157	>157>158>160,>157>159>160
156_153	>153>154>156,>153>155>156
153_150	>150>151>153,>150>152>153
150_147	>147>148>150,>147>149>150
147_144	>144>145>147,>144>146>147
144_141	>141>142>144,>141>143>144
141_138	>138>139>141,>138>140>141
138_118	>118>138,>118>119>*>137>138
137_134	>134>135>137,>134>136>137
134_131	>131>132>134,>131>133>134
131_128	>128>129>131,>128>130>131
128_125	>125>126>128,>125>127>128
125_122	>122>123>125,>122>124>125
122_119	>119>120>122,>119>121>122
118_115	>115>116>118,>115>117>118
115_112	>112>113>115,>112>114>115
112_109	>109>110>112,>109>111>112
109_106	>106>107>109,>106>108>109
106_92	>92>106,>92>93>*>105>106
105_102	>102>103>105,>102>104>105
102_99	>99>100>102,>99>101>102
99_96	>96>97>99,>96>98>99
96_93	>93>94>96,>93>95>96
92_69	>69>92,>69>70>*>91>92
91_88	>88>89>91,>88>90>91
88_85	>85>86>88,>85>87>88
85_82	>82>83>85,>82>84>85
82_79	>79>80>82,>79>81>82
79_76	>76>77>79,>76>78>79
76_73	>73>74>76,>73>75>76
73_70	>70>71>73,>70>72>73
69_66	>66>67>69,>66>68>69
66_63	>63>64>66,>63>65>66
63_60	>60>61>63,>60>62>63
60_57	>57>58>60,>57>59>60
57_54	>54>55>57,>54>56>57
54_51	>51>52>54,>51>53>54
51_48	>48>49>51,>48>50>51
48_45	>45>46>48,>45>47>48
45_42	>42>43>45,>42>44>45
42_40	>40>42,>40>41>42
40_32	>32>40,>32>33>*>39>40
39_36	>36>37>39,>36>38>39
36_33	>33>34>36,>33>35>36
32_21	>21>32,>21>22>*>31>32
31_28	>28>29>31,>28>30>31
28_25	>25>26>28,>25>27>28
25_22	>22>23>25,>22>24>25
21_18	>18>19>21,>18>20>21
18_10	>10>18,>10>11>*>17>18
17_14	>14>15>17,>14>16>17
14_11	>11>12>14,>11>13>14
10_7	>7>8>10,>7>9>10
7_4	>4>5>7,>4>6>7
4_1	>1>2>4,>1>3>4
